high_idx,low_idx,lowest_freq,highest_freq,ncols,score,mean_n_characteristic,median_n_characteristic,loglikelihood
0,0,1,427,20,0.5,inf,42270.5,-6239938.4919739366
0,0,1,427,20,0.57999999999999996,inf,42253.0,-6236048.8041846082
0,0,1,427,20,0.52000000000000002,inf,42264.0,-6234043.6550036641
0,0,1,427,20,0.57999999999999996,inf,42203.0,-6230496.5057028653
0,0,1,427,20,0.52000000000000002,inf,42266.0,-6230919.6650288533
0,0,1,427,20,0.62,inf,42269.0,-6229527.9946973827
0,0,1,427,20,0.54000000000000004,inf,42271.0,-6228889.784117966
0,0,1,427,20,0.54000000000000004,inf,42266.0,-6236505.949078179
0,0,1,427,20,0.64000000000000001,inf,42270.0,-6234193.2574947812
